time,q1,q2,q3,q4,q5,q6,q1d,q2d,q3d,q4d,q5d,q6d
0,0,0,0,0,0,0,-6.24500451351651e-17,1.04083408558608e-16,-2.08166817117217e-17,-2.08166817117217e-17,-5.55111512312578e-17,0
0.1,-0.000118742973263086,-0.000359029516279252,0.000359358271006943,2.34501398413411e-05,-0.000414388537830879,0.00016381956692009,-0.00359112530625144,-0.0107375157943208,0.0107894669276351,0.000806922192223392,-0.0126777090968146,0.00459499962570506
0.2,-0.000973459376045399,-0.00281829108066123,0.00285739121819528,0.000256273028147236,-0.00348496698172474,0.00104654591280169,-0.0148401031139282,-0.0414658473123313,0.042442438527005,0.00438379508471152,-0.0536916347093448,0.0129905206698989
0.3,-0.00336569405298592,-0.00915161219257798,0.00942190045793231,0.000994262300957699,-0.0121385449118157,0.00260633403580843,-0.0344515827771181,-0.0870663606617235,0.0912090940585297,0.0106978447655192,-0.12411279067377,0.0167413018231506
0.4,-0.00816079327665892,-0.0204508179098385,0.021441202192031,0.00240626786167358,-0.0291641936036357,0.00397873254114658,-0.0629596593077256,-0.139173486851207,0.150156478593045,0.0172513511588234,-0.220069423283754,0.00807817267010059
0.5,-0.0162587417020222,-0.0368553513883375,0.0394850855291935,0.00429951866547526,-0.0567175275780908,0.00361283685606807,-0.100478031387219,-0.187331307448992,0.210021962245097,0.0194096538182234,-0.332842614546497,-0.0187553988904863
0.6,-0.0285385296056928,-0.0574157243893533,0.0631293289404855,0.00594407920565135,-0.0958717972303554,-0.000472352879850771,-0.146428968502639,-0.220482743122269,0.260407485263147,0.0112410891980998,-0.449702450699359,-0.0664657736835615
0.7,-0.0457765970850565,-0.0801141335157223,0.0909101696648857,0.00600175381820314,-0.146286713414968,-0.0103494139544912,-0.199305208831305,-0.228587025200564,0.291155196825799,-0.0132626562892333,-0.555404295630698,-0.134124142685404
0.8,-0.0685454058794469,-0.102043887108059,0.120417856078108,0.0025878154203296,-0.206052760663498,-0.0278120920667021,-0.256519230767432,-0.204140954682732,0.293722564025573,-0.0587886708325784,-0.634164900837106,-0.217122099418534
0.9,-0.0971032708184237,-0.119727109268777,0.148520115162158,-0.00652866199720897,-0.271746612464637,-0.054028237159178,-0.314385611215403,-0.14339002939588,0.262377042948717,-0.127370530298807,-0.67186056646734,-0.307677914664871
1,-0.131290372677688,-0.129530571305125,0.171689478084645,-0.0236048333311843,-0.338704988306349,-0.0892683345774398,-0.368265351481039,-0.0470556349844522,0.195056150086496,-0.217366741593653,-0.658146099806819,-0.395824406805682
1.1,-0.170447662980505,-0.128125168580705,0.186395124608213,-0.0505264006221802,-0.401493696477398,-0.132751378365863,-0.412878322929985,0.0795311320867881,0.0937842601875431,-0.322957596702401,-0.588191096042353,-0.470739978934665
1.2,-0.213374721407638,-0.112927529576792,0.189511896272493,-0.0883915557899701,-0.454519939849877,-0.182633312472175,-0.442764527048366,0.22691845702222,-0.0354038582779634,-0.434295856321163,-0.463770617891261,-0.522234808375121
1.3,-0.258339447235832,-0.0824635455143263,0.178697310208084,-0.13714472906952,-0.492713326863877,-0.236143079636255,-0.452850365530589,0.382590306325208,-0.183019021779982,-0.538349703602729,-0.293526203613843,-0.542181335198565
1.4,-0.303147039896011,-0.0366031418354063,0.152691854253642,-0.195326810128634,-0.512187800360081,-0.289850336557693,-0.439056257853524,0.532457156259383,-0.337079181831438,-0.620368777741927,-0.0923203292184825,-0.525685318572972
1.5,-0.345268678159109,0.0233678496957651,0.111507801677845,-0.259996364704025,-0.510795027301472,-0.340030097961759,-0.398869869408579,0.662587180378247,-0.484353811529315,-0.665801844073242,0.120271161166057,-0.471829785644807
1.6,-0.382022537834513,0.0948515081978811,0.0564857878427992,-0.326854929405372,-0.488490289774006,-0.383075630738939,-0.331807058867684,0.76094947203337,-0.61173707417076,-0.662413443331447,0.322165007760834,-0.383884068724711
1.7,-0.410792338131741,0.174206814917492,-0.00978550460223362,-0.390581515095226,-0.447453522838483,-0.415903813511751,-0.239691215838038,0.818936931623692,-0.707585377131455,-0.602299662281985,0.491410828479236,-0.268945331748654
1.8,-0.429262526573916,0.257151186325626,-0.0836751507202203,-0.445350847912289,-0.391938243693913,-0.436297920139603,-0.126700247551755,0.832463915334608,-0.762866084597514,-0.483498304245774,0.608934303778379,-0.137059884183055
1.9,-0.435645409166903,0.339243985537403,-0.160815926247651,-0.485481030890813,-0.327855868694943,-0.443141280874854,0.000843034469784509,0.802489051987922,-0.771994437273546,-0.310928560692373,0.661027370112756,5.51286254744492e-05
2,-0.428874640591837,0.41639014681401,-0.236474871660441,-0.506133535018165,-0.262137756754118,-0.436510329261843,0.134930268957973,0.734889418249704,-0.733280186790761,-0.0964756900382307,0.641252364625185,0.130512743975688
2.1,-0.408741772740078,0.485298932700774,-0.305947678483016,-0.503975324827751,-0.201947574716228,-0.417615036690259,0.266538085134769,0.639698348927014,-0.648957441909731,0.141852917007556,0.551495052389356,0.243771591536447
2.2,-0.375957865850805,0.543838370788272,-0.364936084494544,-0.477711828305101,-0.153838101840629,-0.388595922966995,0.386443211893542,0.529803957307938,-0.524823347086229,0.381647371975422,0.402006335923565,0.331955330885024
2.3,-0.332129933564202,0.59123937860754,-0.409872370540409,-0.428411078378346,-0.122956323333698,-0.352206724593719,0.486094957679101,0.41927751572912,-0.369556406028773,0.598512999901221,0.210400771710547,0.390793352900216
2.4,-0.279651317298227,0.628123202061842,-0.43816388321219,-0.359562606049935,-0.112397081868251,-0.311427599539635,0.558447691301741,0.321550475929112,-0.19381777844199,0.768903348259506,-0.000284997272377026,0.420053328287391
2.5,-0.221514833112566,0.656348956179026,-0.448341794496273,-0.276846796135922,-0.122788892220475,-0.269063223394921,0.598657792290915,0.247679402446365,-0.00925506231914381,0.873015569334245,-0.204247065631486,0.423407751037389
2.6,-0.16106648960368,0.678701680494804,-0.440110340434672,-0.187627331670564,-0.152167756383057,-0.227381954249779,0.604563417930021,0.204926699640435,0.172473194436805,0.897371063493179,-0.375959696801736,0.407756306921491
2.7,-0.101724599869315,0.698462258334228,-0.414303863412436,-0.10021616091898,-0.196159425943491,-0.187846159820835,0.576889785867975,0.195843289721411,0.340551258080876,0.836730832642982,-0.493233854722143,0.382102454774321
2.8,-0.0466932951804037,0.718916017091923,-0.372767689399985,-0.0229920959625387,-0.248452077392761,-0.150970672952296,0.519154522062746,0.217972987510888,0.48566673898519,0.695070141638162,-0.539905143163993,0.356145242685459
2.9,0.00129976382496873,0.742864781006742,-0.318184236850644,0.0365237700483548,-0.301504780538786,-0.116328026706753,0.437282975964406,0.264216169128293,0.60044273378932,0.485451859986857,-0.507811206484802,0.338787261006224
3,0.0402144179097982,0.772206555629062,-0.253867394320813,0.0725234294721659,-0.347407227676476,-0.0826982050851011,0.338977762564134,0.32380348268568,0.679643539570812,0.228777613093469,-0.397806926774758,0.336771140850362
3.1,0.0688366576047536,0.807637996768715,-0.183546344181105,0.081590970154745,-0.378786881263022,-0.0483400831898292,0.232915757663399,0.383750416480516,0.720187872563411,-0.0484577898310214,-0.219687199520795,0.35363852696686
3.2,0.0868321692180321,0.848518593579465,-0.111155415627165,0.0631174864974518,-0.389653544429166,-0.0113444237394003,0.127865638225918,0.430601146099097,0.721025579689234,-0.317149945452033,0.00897415521576957,0.389159605674979
3.3,0.0947118831750931,0.892914264610576,-0.0406403777947364,0.0193954423606759,-0.376079194447571,0.029983312772989,0.0318272970889457,0.452233421270618,0.682943030816389,-0.548945884678025,0.264922882376685,0.439314531761391
3.4,0.0937166476230835,0.937814666937187,0.0242148274044076,-0.0446246702096961,-0.336631740574955,0.076766362251869,-0.0487099341312645,0.439490001560937,0.60835803817958,-0.719565769799109,0.521994796560821,0.496829899346762
3.5,0.0856371175979782,0.979496055678354,0.0799422718377604,-0.121890280699519,-0.27251246526857,0.1292786131647,-0.109309697139427,0.387426856939486,0.501148895027945,-0.811666325420089,0.75420858585302,0.552194783389247
3.6,0.0725917671595637,1.01398295279628,0.123529788445299,-0.204050514757186,-0.187384226666312,0.186786405741223,-0.147877238114942,0.296020400278513,0.366537594869278,-0.816880074325703,0.938792464107073,0.595012940954036
3.7,0.0567897877394397,1.03754958865128,0.152551541651733,-0.28241114872088,-0.0869161797405988,0.247534528660263,-0.164672263199272,0.170248163907591,0.211019510515897,-0.73676632386448,1.05876801033935,0.615500095744923
3.8,0.0403061120577703,1.0471976,0.165292595938601,-0.348924351527183,0.0218942052949709,0.308880383272401,-0.162058447271143,0.0195397062699272,0.0423063527172966,-0.582547610870031,1.10477505159856,0.605914563709077
3.9,0.0248929246005233,1.04105027534132,0.160866360935624,-0.397091910987758,0.131534196126601,0.367559323311627,-0.144033955621536,-0.14332397530021,-0.130768713152757,-0.37366099966893,1.07592243084692,0.561718726709511
4,0.0118462472159083,1.01861509384253,0.139318247976432,-0.422671342924849,0.234821012484965,0.42004559959652,-0.115612666723477,-0.303714480228573,-0.298441394652927,-0.135306682987185,0.979577360390885,0.48230671502586
4.1,0.00193835059079584,0.980883760773978,0.101703347521438,-0.424099299752017,0.325674438066638,0.462959768650232,-0.0821413364842775,-0.446866485570306,-0.450352660929804,0.104693620521744,0.830143716689158,0.371194766505796
4.2,-0.00458207952532504,0.930259983941557,0.0501217799981389,-0.402582821327484,0.399723707620472,0.493466777831965,-0.0486418986497402,-0.559575655534181,-0.57606167428739,0.319326386458936,0.64700883430286,0.235646452986376
4.3,-0.00792871320119418,0.870327015264317,-0.0123062150488189,-0.361851501543431,0.454678966291411,0.509610155025445,-0.0192602148215029,-0.631672276398999,-0.665735123719822,0.485665015719985,0.451942142257129,0.0857845983273872
4.4,-0.00866926737371591,0.805486615364374,-0.0815415749234063,-0.307607002925803,0.490429547152257,0.510536634189673,0.00311576928434927,-0.657093918806734,-0.710976366607179,0.587579144415076,0.266293948912952,-0.0666860034561141
4.5,-0.00758914167973294,0.740516057267979,-0.152814715652988,-0.246744834090274,0.508867454766003,0.496580877883808,0.0170315846588816,-0.634437765056966,-0.705721479494893,0.617531875122352,0.108360746032973,-0.209966252139323
4.6,-0.00554822454911548,0.680098229535397,-0.220902602023168,-0.186451843628455,0.51346994731232,0.469199543630348,0.0224286918204405,-0.566944616708893,-0.647099552989322,0.577243146772894,-0.00874713724114638,-0.333652579016064
4.7,-0.00335126770547894,0.628380917506597,-0.280485086712725,-0.133297729856923,0.508705305527295,0.430765009338816,0.0204168005659445,-0.461941995282906,-0.53613714199082,0.477147361126854,-0.0784740149060412,-0.430020844710775
4.8,-0.00164860565124673,0.588615052395352,-0.32655881910801,-0.0924380939286652,0.499346874829907,0.38424863997317,0.0129044721928775,-0.329842825156045,-0.378185963480286,0.334732317468663,-0.101269391111966,-0.494925759066571
4.9,-0.00087819601182388,0.562909229904215,-0.354875665420205,-0.0670303333722312,0.489789673885332,0.332838770795321,0.00215407414537962,-0.182849720601017,-0.182970689732088,0.17199325770724,-0.0840921357554623,-0.528192163866805
5,-0.00125288049468426,0.552121033687153,-0.362363907261918,-0.0579342065247134,0.48346031029186,0.279547433836425,-0.00966525449635431,-0.0335460436435653,0.0358107434963453,0.0123508178041732,-0.039066483439065,-0.533446934721516
5.1,-0.00278947561053861,0.555887101158348,-0.347486123132677,-0.0637301809985689,0.482395395358478,0.22686100794989,-0.0208562760233178,0.106439904698991,0.261352036676848,-0.122550367351989,0.0185013639387882,-0.517419949877958
5.2,-0.0053698636945294,0.572776058356269,-0.310488755723036,-0.0810459216261894,0.48703846927469,0.176483264572504,-0.0304471016900239,0.227531795558248,0.475028146076367,-0.215733683425212,0.0724573159784824,-0.488818233015072
5.3,-0.00881958961029825,0.600533845996003,-0.253505393134799,-0.105140207199578,0.496274253862752,0.129205663450012,-0.0382840695953871,0.322940142267469,0.658010165119216,-0.257089839888876,0.108156356544226,-0.45693824726397
5.4,-0.0129872247121199,0.636381444990634,-0.18048840862427,-0.130659671422155,0.507686202538921,0.0849211611427191,-0.0449550033466804,0.388969847294382,0.793054519845007,-0.244596508642137,0.114520832740742,-0.430218715878728
5.5,-0.0178082228540083,0.677321683705227,-0.0969606676325316,-0.152461533865644,0.517993310900846,0.0427768776749566,-0.0515609731677017,0.42489947803651,0.866279251941978,-0.184405555570077,0.0855282847427069,-0.414944895589102
5.6,-0.0233400502552388,0.720414845132011,-0.00959867902122007,-0.166387823156194,0.523599000000002,0.00144070866739127,-0.0593787456526348,0.432492665740953,0.868725186403608,-0.0897989006798605,0.0209426270311686,-0.414293632193908
5.7,-0.0297605298530125,0.762991440171752,0.0743214908126669,-0.169884424062162,0.521171579325676,-0.040559727377604,-0.0694735640041006,0.415251581585163,0.797509616548542,0.0208334077824424,-0.0737885683667239,-0.42785975593754
5.8,-0.0373278042614319,0.802783231205318,0.147566531880311,-0.162380439001758,0.508173915476469,-0.0844781495018425,-0.0823302195311468,0.377553357306042,0.656415099245152,0.126708530314249,-0.188431108986265,-0.451735261702258
5.9,-0.0463071038917121,0.837968287603696,0.203614370966286,-0.145376756404262,0.483269448484066,-0.131026226825691,-0.0975683578110168,0.323818606591982,0.455812961748803,0.207683663356523,-0.309507502717683,-0.479133010679213
6,-0.0568755766305324,0.867140211822341,0.23728026096014,-0.122232781906412,0.446551013137536,-0.18013645647915,-0.113795902489149,0.257846305731828,0.211893988472944,0.247190213633866,-0.422253227031031,-0.501467672998645
6.1,-0.0690208640880277,0.889223489297507,0.24523315497582,-0.0976815650382396,0.399565119879456,-0.230849794796343,-0.128634115646147,0.182414091300999,-0.0547411085090479,0.234669346710292,-0.512701776445663,-0.5097395454511
6.2,-0.0824512047662411,0.903364428504141,0.226344240203466,-0.0771404703275745,0.345133621293614,-0.28134860323389,-0.138922080997505,0.099193387044993,-0.32100134849869,0.167178910188507,-0.569604247514137,-0.496021331903014
6.3,-0.096534250907138,0.908829308768401,0.181825902527623,-0.0659121535474774,0.287002884800112,-0.329134357183342,-0.141081006821498,0.00897261462105436,-0.563540321811927,0.049955661746979,-0.585920417400158,-0.45483057736672
6.4,-0.1102785359302,0.904937930323953,0.115141273621132,-0.0683852605519914,0.229373800856724,-0.371328249564008,-0.131593660965863,-0.0878721135195694,-0.761067705816074,-0.104141099791329,-0.559685466654383,-0.384183870106722
6.5,-0.122366041107711,0.891052421720162,0.031689411325102,-0.0873440944289539,0.176381053696296,-0.40505433675673,-0.107535120208556,-0.190762598453751,-0.896482915882665,-0.276227408230926,-0.49414947917893,-0.286171505324822
6.6,-0.131237328746359,0.866629325453783,-0.0617038430905356,-0.123481639138626,0.131595150624271,-0.427851880282184,-0.0670806616375435,-0.298290036406704,-0.958590675197425,-0.443817537373151,-0.397191985903301,-0.16695725463146
6.7,-0.135223203309417,0.831329618051351,-0.157437220348876,-0.175182905891437,0.0976152823492547,-0.438057938346886,-0.00991663738045626,-0.407706355280497,-0.943201991987914,-0.583746389645286,-0.280116013588896,-0.0361880979092494
6.8,-0.132709887896649,0.785168632484733,-0.247859069265086,-0.238609376961568,0.0758061988420942,-0.435103935573594,0.062509305912965,-0.514651620021228,-0.853492343688343,-0.675201432266677,-0.156010964822353,0.0941179227540747
6.9,-0.122319256849772,0.728677950958564,-0.325988898471096,-0.308075298035601,0.0662102795599034,-0.419680609575578,0.146942613560251,-0.613196420913068,-0.699573766299965,-0.702462767719664,-0.0379295196460866,0.211062847976028
7,-0.103082540718573,0.663045919327794,-0.386158442753637,-0.376668114422624,0.0676401616850618,-0.393742997985482,0.238498540661839,-0.696226946958248,-0.497328753512598,-0.656992296495236,0.0628567235851901,0.302540473502986
7.1,-0.074585599146894,0.590203515772528,-0.424504474827204,-0.437033584134118,0.07793144677676,-0.360348652696957,0.331049719969848,-0.756143118665132,-0.266640141542885,-0.538602795329643,0.138276988621528,0.358861545060972
7.2,-0.0370664404931779,0.5128280597295,-0.439262701451209,-0.482225192264658,0.0943128416676255,-0.323345099151747,0.417784897975472,-0.785785528937831,-0.0292217326600713,-0.35556237915497,0.184364276610492,0.374108193693557
7.3,0.00854914296949034,0.434247967687792,-0.430835092840267,-0.506510079615649,0.113835706387911,-0.286943541584156,0.491875826891658,-0.779463550734321,0.193699583347065,-0.123631976362852,0.201529528777738,0.347027172915164
7.4,0.0606808133907195,0.358245960130077,-0.401629118597086,-0.506030572496742,0.133798444060582,-0.255232027251947,0.547174044217889,-0.733931791077987,0.383583840513654,0.135826275680126,0.194189502632595,0.281331952073143
7.5,0.117194617485827,0.288773734124452,-0.355693428548183,-0.479240413049266,0.15210421952108,-0.231690441662151,0.578854191690758,-0.649159465794623,0.526410555002641,0.39841227457191,0.169825769269217,0.185362666021675
7.6,0.175562292517299,0.229605798893447,-0.298197355163609,-0.427065042765331,0.167502473360676,-0.218770491319051,0.583926331836065,-0.528758307861728,0.613941308981401,0.639582355107902,0.137633721022574,0.0711395238765515
7.7,0.233062596605587,0.183971655504181,-0.234818466205892,-0.352771560044039,0.179683655784449,-0.217596067530511,0.561555637592292,-0.379976875874918,0.644281218862657,0.837498346530661,0.106976883343824,-0.0470723616886878
7.8,0.287003289114521,0.15421192225453,-0.171111261693017,-0.26157129855329,0.189219602784394,-0.22782407789456,0.513151710007171,-0.213226974046783,0.621694786987967,0.975469718146187,0.0858853067480152,-0.154502004103692
7.9,0.33494001941231,0.14150419166854,-0.111930000634805,-0.160011357399861,0.197365532879577,-0.247685026498747,0.442218401801309,-0.0411732847138323,0.555722560399933,1.04369005860407,0.079824436694314,-0.23768878437127
8,0.374868955524169,0.145698060227263,-0.0609697076304721,-0.0552364981806722,0.205760243908505,-0.274199126707765,0.353984550780669,0.122519087005428,0.459728756540416,1.04007025391213,0.090914969681508,-0.286137988000963
8.1,0.405373390449738,0.16528654772735,-0.0204729044510871,0.0457835259297812,0.216075709882646,-0.30354072473929,0.254862528933928,0.264631938165012,0.349076082472931,0.970095534301817,0.117712046048486,-0.293598714230316
8.2,0.425710321162666,0.197524539190773,0.00887226470560386,0.13696543240474,0.229673817447638,-0.331504418537344,0.151801516391973,0.373855402429033,0.239164238297471,0.845764481631114,0.155564744099244,-0.258797648131267
8.3,0.435830316965869,0.238686128569062,0.02784124466496,0.213678816689201,0.247325566839904,-0.354013102545863,0.0516133677294326,0.442073509087699,0.143578315518007,0.683787098406839,0.197487419882412,-0.185535123365492
8.4,0.436331899999999,0.284434380682263,0.0384121430167275,0.273106213756797,0.269037166568041,-0.367603027897365,-0.039650426618721,0.465300946142536,0.072571722144828,0.503310159757602,0.235396381285837,-0.0821353659566873
8.5,0.428359114512658,0.330261628928706,0.0433773854578137,0.314365284435431,0.294009815006852,-0.369824513863468,-0.117201717285775,0.444139723669725,0.0320586860423543,0.323489560998127,0.261510328736118,0.0396709159704972
8.6,0.413457011991882,0.371948210703151,0.0458847816927813,0.338394251655599,0.32073832866422,-0.359508664857096,-0.177847811858774,0.383685341914294,0.0232206894267907,0.161235290344703,0.269689102341659,0.166278151140775
8.7,0.39340368993987,0.405984054131377,0.048971203989869,0.347632675711722,0.347231479590004,-0.33686870593203,-0.220126032975786,0.292884173468268,0.0427489013177079,0.0294155662138825,0.256496046682613,0.283944265789464
8.8,0.370038867808004,0.429901406013339,0.0551500978594398,0.345554724455256,0.371317369109563,-0.30342682786846,-0.244240603525359,0.183417243707609,0.0836617003508906,-0.0642705488046009,0.221813064058893,0.380502860928333
8.9,0.345107702597767,0.442477856013364,0.066104184807424,0.336128017369804,0.390983398468951,-0.261780671369976,-0.251827083221262,0.068250242320537,0.136563536124527,-0.11764603451631,0.168907570958539,0.446822726503425
9,0.320134940317863,0.443785312250275,0.0825184774530911,0.323276049469203,0.404694536635941,-0.215244605040758,-0.245590219865313,-0.0399637116804025,0.191157976654996,-0.133642165000082,0.103936538043314,0.47782548479891
9.1,0.296339181434989,0.435080559744746,0.104068408575378,0.310415901936973,0.411636577523744,-0.167416914384266,-0.228874306789732,-0.130420067868779,0.2378004315386,-0.119233893851288,0.0349616111791033,0.472934923273576
9.2,0.274590839756506,0.418553810870825,0.12955626643547,0.300126805468756,0.411842530839584,-0.121732786406267,-0.20522936482566,-0.195435310954128,0.268877774406806,-0.0839267523123878,-0.0293724875491443,0.435911009678377
9.3,0.255411219510528,0.396970410391993,0.15716912817168,0.293981898086287,0.406178521894837,-0.081063421927845,-0.178031430671897,-0.231287492202569,0.279832061336792,-0.0380511016171289,-0.0812884689611988,0.374106587872953
9.4,0.23900490770762,0.373255001459631,0.184815714939285,0.292548912241335,0.396187858361296,-0.0474137692203664,-0.150202016005733,-0.238513706125025,0.269699171040586,0.00886686787898941,-0.115223765384419,0.297263528626895
9.5,0.225314092349865,0.350075010424857,0.210490061706563,0.295539617418284,0.383814879470445,-0.0217564289185905,-0.124052651967467,-0.221626459118353,0.241102832864803,0.0494151321403266,-0.128853548707507,0.216026787167722
9.6,0.21408191642195,0.329480170140829,0.232607731760915,0.302066489199952,0.371050307404676,-0.00401938834682222,-0.101258422892557,-0.188289832396948,0.19972052136802,0.0791071607034192,-0.12361378170886,0.140390972727893
9.7,0.204912678227522,0.312646924189717,0.250265632477353,0.310951339123201,0.359553916920346,0.00677676958206283,-0.0829429542061697,-0.14807036482507,0.153309770037661,0.0966026089002947,-0.104621976279736,0.0782998457137531
9.8,0.197319365750553,0.299761955099769,0.26338841960185,0.321026357790043,0.350316122055565,0.0122575730063748,-0.0698397371139131,-0.110936416870737,0.110441998676849,0.103344301354053,-0.0799841929384598,0.0345940686175767
9.9,0.190753140965426,0.290059711837518,0.272741257737024,0.331373551599091,0.343416448378803,0.0143517945571038,-0.0624835991148465,-0.085715166840902,0.0791283588128129,0.102713178410041,-0.0595718687002192,0.0104503111955857
10,0.184614227282564,0.282007305166315,0.279807962684122,0.34146273504541,0.337924105790166,0.0149203655000394,-0.0613831935861813,-0.0787232399095005,0.0655337574659514,0.098878978799483,-0.0534371466078477,0.0033829869036165
10.1,0.178248356396774,0.27360944189768,0.286552627034191,0.351168603583434,0.331965663223717,0.0154135238980437,-0.0671309515291721,-0.0927640834382109,0.0729600476774492,0.0955703918280024,-0.0700975455420707,0.00779871632698647
10.2,0.170936685796941,0.262789042566322,0.295099139592689,0.360670557646624,0.322959969648383,0.0166076415029348,-0.080420067923383,-0.126635482407238,0.101239928772946,0.0949974249341293,-0.114950217122209,0.0160145696639667
10.3,0.161889246383612,0.247788211233255,0.307374389237719,0.370261076463529,0.307994545746435,0.0184608376219724,-0.101956665319548,-0.175220692282031,0.14662515282304,0.0971296773014095,-0.189067457675961,0.0195853667968121
10.4,0.150252120309738,0.227530865465345,0.324765936713848,0.380105932839606,0.284294522255593,0.020108633288628,-0.132276311926218,-0.230156033429055,0.202184337708749,0.0994718019495106,-0.288578795988507,0.010742018501848
10.5,0.13513660402622,0.201893115795595,0.347842972953548,0.390009515941645,0.24971835841905,0.0200001044775874,-0.171494179621507,-0.280987476774284,0.258656426354797,0.0973915115275241,-0.40476659655857,-0.0162719261304739
10.6,0.115674841042634,0.171839815215849,0.376180835532675,0.399239287784088,0.203206749356583,0.0161542399950292,-0.219034011089101,-0.316659832342663,0.305644931819823,0.0849595155853253,-0.524902228115025,-0.0641627467334208
10.7,0.0911013777281263,0.139403942940617,0.408315478076014,0.406454687533644,0.145113801479448,0.00649845933884205,-0.273390017702966,-0.327134220821474,0.332993576092612,0.0561698736307117,-0.633742337037749,-0.132001553091584
10.8,0.0608545914902261,0.107507177510855,0.441837022626104,0.409768860247765,0.0773627192727202,-0.0107609782848834,-0.331976151053963,-0.304909332567333,0.332161399075863,0.00633787057037593,-0.715504957314852,-0.2151798575358
10.9,0.0246868593265746,0.0796421927699451,0.473613227112795,0.406948989367015,0.00339039001520028,-0.0367919097947347,-0.391108461243124,-0.246232554765101,0.297417429665999,-0.0665676963670627,-0.756067671586613,-0.305915849656304
11,-0.0172314550309913,0.0594568264206555,0.500116810932555,0.395736266753976,-0.0721264732627312,-0.0718647993929544,-0.446149422772911,-0.151827162416984,0.226700757164469,-0.160902960991844,-0.745086569629967,-0.394242266642671
11.1,-0.0642309059178678,0.0502946031736293,0.517817299357908,0.374243574436964,-0.143740374580652,-0.115198611861474,-0.491820380205618,-0.0270261413455019,0.122037329130086,-0.270845842193766,-0.677732529123242,-0.469337430396919
11.2,-0.11510082314661,0.0547531256860571,0.523590036719381,0.341371541874659,-0.205845340790616,-0.164949253766407,-0.522662808224015,0.118716804295967,-0.0105365131567938,-0.386546727573446,-0.555781895275276,-0.521011437050663
11.3,-0.16809900344542,0.0743205449396914,0.515093200219486,0.297174797520093,-0.253357932561829,-0.218345622346852,-0.533604581719156,0.272883751653029,-0.161530013355952,-0.494971427188185,-0.38787748883789,-0.541136645483732
11.4,-0.221020691016348,0.109140788759351,0.491068095049816,0.243111747703011,-0.282379173213243,-0.271957320682448,-0.520567593364557,0.421383287631562,-0.318959550170137,-0.58136720713732,-0.188883068310979,-0.524818733672412
11.5,-0.271327256721111,0.15794168971197,0.451527969112993,0.1821233599938,-0.290747938435256,-0.322059301759344,-0.481040981748272,0.550281696427304,-0.469593023886146,-0.631180459659845,0.0216242396851659,-0.471140647571485
11.6,-0.31632721577955,0.218138802311609,0.397814589686099,0.118507868399426,-0.278406847290395,-0.365044762609739,-0.414542078738877,0.647546182034068,-0.60032302499095,-0.632173352395038,0.221559892880089,-0.383371638299908
11.7,-0.353394774131298,0.286104394264402,0.332517928614376,0.0575862699835388,-0.247523300065183,-0.397830503878694,-0.322895747140217,0.704567755493036,-0.699504388050051,-0.576439599012857,0.388972226695657,-0.268608788601962
11.8,-0.38020501334926,0.357568979565196,0.259270357311865,0.00518408384317706,-0.202338407433502,-0.418199713328994,-0.210281367381051,0.717258883631848,-0.758102904439388,-0.462014629738722,0.504785639097472,-0.136898326752383
11.9,-0.394961020808746,0.428104829917145,0.182440703800093,-0.0330163105106163,-0.148751307474023,-0.425035626997204,-0.0830232241794048,0.686576305914547,-0.770532242053386,-0.293815262946703,0.555290784048507,4.26830939085155e-05
12,-0.396587379879999,0.493629599233696,0.106763688642191,-0.0521756642103597,-0.0936812090724739,-0.418414576092698,0.0508688479994647,0.618395209649446,-0.735100579713079,-0.0837243839577597,0.534048716200057,0.130327359427344
12.1,-0.384866718463158,0.550865080776664,0.0369455386337877,-0.0489599846250701,-0.0442797572959687,-0.399546421551039,0.18237000518087,0.52274704028585,-0.654040453368858,0.150252989614502,0.442943918134297,0.243414413108476
12.2,-0.360501320125839,0.597691643917332,-0.0227134084032075,-0.0220735052663352,-0.00708783787534911,-0.370571564605817,0.302255503061538,0.412518021754084,-0.533147434666316,0.385709342396008,0.292226009878006,0.33142758490626
12.3,-0.325089569156327,0.633352359031674,-0.0686432004320894,0.0274171727212085,0.0127593292623781,-0.334243615066234,0.40197317688963,0.301777537033033,-0.38109845450379,0.598252372518111,0.0995082654223925,0.390096346891182
12.4,-0.281016324940355,0.658480435932108,-0.098248793881318,0.0960241874281463,0.0121785384746109,-0.293542596089858,0.474475922278793,0.203955148503499,-0.208553099775737,0.764338000550841,-0.112173954746726,0.419188450960292
12.5,-0.231266068825037,0.674946764619868,-0.110058813293155,0.178069060441021,-0.00944721623377241,-0.25127304033606,0.514918645561838,0.130105531346162,-0.0271573956652296,0.864165751873671,-0.317018027727168,0.422376472296117
12.6,-0.179176622013933,0.68554797066827,-0.103774789984465,0.266190252437708,-0.0501425563235523,-0.20970315484507,0.521138030825513,0.0874892005628305,0.151431682734941,0.884259399949827,-0.489499499445393,0.406560177861623
12.7,-0.128158257531553,0.693576334504196,-0.0802282043341326,0.352078196174779,-0.105521981099459,-0.170295148164372,0.49385782252209,0.0786551890058335,0.316399974489979,0.819382319781473,-0.607430616331937,0.380743107683123
12.8,-0.0814072138952529,0.702328391688329,-0.0412613630253923,0.427356697902103,-0.169262543018872,-0.133563685849861,0.436594173412891,0.101145422139007,0.458436662782185,0.673512149318608,-0.654648264649609,0.354624391041878
12.9,-0.0416434063092145,0.714616985689798,0.0104464920566273,0.484507520110056,-0.23381231610525,-0.0990811255566515,0.355270959751344,0.14785838672402,0.570166417061306,0.45971413116487,-0.622991371247442,0.337106699480896
13,-0.0108993958961935,0.732350952353486,0.0715848062047526,0.517725748107445,-0.291250125118205,-0.0656272677589882,0.257589323331976,0.208022841515172,0.646355107215075,0.198892263820132,-0.513316100707138,0.334932745305607
13.1,0.00961825866905518,0.75623758884795,0.138427888178601,0.5235988,-0.334192693228771,-0.0314607959135452,0.152224666759618,0.268652385452167,0.683923022287407,-0.0824562704091117,-0.335418631007158,0.351644254456684
13.2,0.019582547169645,0.785646836749906,0.207045057193787,0.501521337758515,-0.356639212530692,0.00532772702620002,0.0479441938013369,0.316289304763547,0.681821582010605,-0.3552246950928,-0.106874064700332,0.387011494445073
13.3,0.0195115561862838,0.818654878095796,0.273494349806839,0.453789630122362,-0.354651177508783,0.0464330484512051,-0.0472536759022613,0.338809459820748,0.640838729062953,-0.591057668043904,0.149062060663573,0.437014701249135
13.4,0.0106531427017068,0.852261444512158,0.333995787079272,0.385358211325962,-0.326786142881065,0.0929786202693193,-0.126881083931562,0.32705372083187,0.563393848489338,-0.765672978457031,0.406224277191893,0.494380550181217
13.5,-0.00519517673219391,0.882752676733673,0.385085561132892,0.303283931381533,-0.274235164815243,0.145238555070499,-0.186503145187935,0.276076168408584,0.453366806349069,-0.861724977841512,0.638629990477979,0.549598197391166
13.6,-0.0259082138593741,0.906162793402388,0.423755782443001,0.21592218144832,-0.200651003408824,0.202479425326139,-0.224026579047419,0.185851326065387,0.315981168960128,-0.870843815886578,0.823506131884078,0.59227148113585
13.7,-0.0492702103716416,0.918775532622701,0.447585050250653,0.131971939305316,-0.111692843842985,0.262946260075895,-0.239712564848126,0.0613548367740901,0.157733881945009,-0.794586426845276,0.943872997935049,0.612616206310754
13.8,-0.0731998139919057,0.917601849959549,0.454863021134749,0.0594860274426648,-0.0143483147892271,0.323996709150344,-0.235926250665428,-0.0879856303798601,-0.013661771136621,-0.644172974455716,0.990369133188095,0.60289077005473
13.9,-0.0959385679969377,0.900774163784328,0.444707854103391,0.00496788678498514,0.0838795647315752,0.382366382882639,-0.21666727498695,-0.249390967419942,-0.1893710521008,-0.439038149948997,0.962102098113893,0.55855763542248
14,-0.11618432562093,0.867808894201083,0.417169867149606,-0.0273345324441458,0.175817599493896,0.434529796809696,-0.186950989482365,-0.408234663129683,-0.359628095696031,-0.204379772955617,0.866437822527394,0.47901101388532
14.1,-0.133158838579076,0.819706498481128,0.373309214674225,-0.0358521793029103,0.255395029988936,0.477107780292165,-0.152125623255633,-0.549753283921972,-0.514072298258713,0.0319828109664409,0.717778900395779,0.367767224482612
14.2,-0.146607590843621,0.758879247495547,0.315231238326179,-0.0217861529846085,0.318250419511029,0.507265561645921,-0.117214583249199,-0.660744383363342,-0.642261249282673,0.243038450513753,0.535511383788651,0.232089920243096
14.3,-0.156738569524701,0.688918767292809,0.246061556152564,0.0111401305930549,0.362103113501453,0.523046957830531,-0.0863652042613481,-0.731040137090356,-0.73436006495187,0.405862919677408,0.341403419239622,0.0821020062182437
14.4,-0.164113955920279,0.614235003688677,0.169844766632886,0.057231424188154,0.386851517080179,0.523598999999999,-0.0624669052048143,-0.754580005102738,-0.781970529836198,0.504328227663072,0.156804032618178,-0.0704916423851945
14.5,-0.169513761347925,0.539613225967264,0.0913561468042579,0.109598871778593,0.394396578608237,0.509256656027663,-0.0469756282851742,-0.729963059057834,-0.779027147670917,0.530899850144388,8.43319542095933e-06,-0.213891844150742
14.6,-0.173792633237897,0.469744130010929,0.0158245822265899,0.161062514675876,0.388224371814166,0.481476896869366,-0.0399513861807308,-0.66043198987259,-0.722657436252205,0.487300099147925,-0.115874332378487,-0.337694949180528
14.7,-0.177750229633868,0.40878311954595,-0.0514237721523774,0.205059781776098,0.372811864733775,0.442632421987144,-0.040285942291209,-0.553316208425166,-0.61388637767023,0.383965749529324,-0.184289860591709,-0.434176736907305
14.8,-0.182031938677976,0.359988555236647,-0.105379400811451,0.236442436448491,0.352940961836617,0.395694926016637,-0.046072208515772,-0.419030528450353,-0.458064116095716,0.238386973668511,-0.205688938086016,-0.499191835982507
14.9,-0.187070918955015,0.325476273300333,-0.141787847773254,0.252060682996274,0.333015112589284,0.343853082010608,-0.0550492906069268,-0.269779453578621,-0.26491375099286,0.072561386569896,-0.187031717249466,-0.532565006997795
15,-0.193075360451502,0.306110908969962,-0.157570915180817,0.251062602223671,0.316469227142334,0.290119267910229,-0.0650495226811233,-0.118148235193461,-0.0481316453088931,-0.0900880027094482,-0.140443715176116,-0.537923044371528
15.1,-0.200057575276864,0.301535962302928,-0.151184544783073,0.234875802969092,0.305348091107866,0.236980216598098,-0.0743771402260018,0.0242329363300396,0.175477474238181,-0.227914186185475,-0.0812324162559183,-0.521995745159271
15.2,-0.207895088684621,0.310326733045138,-0.122868385238961,0.206880934160561,0.300103290729352,0.186140061659359,-0.0820617276927214,0.147785842765726,0.387290136725498,-0.323938176426659,-0.0255531933800083,-0.49349005184828
15.3,-0.216409235776454,0.330235646683336,-0.0747490733376536,0.17182776807604,0.299627465633853,0.13839063310728,-0.0879510963768428,0.2457191080891,0.568479008387548,-0.368048309810893,0.0119476548243017,-0.461702346377983
15.4,-0.225444525464349,0.358489979966491,-0.0107718737418104,0.135078459391622,0.301511858793291,0.0936252658888648,-0.0926345430822831,0.314335745410129,0.701802088074118,-0.358219885141838,0.0201911929702212,-0.435071270810767
15.5,-0.234932496479687,0.392098668159784,0.0635476139821612,0.101784814224646,0.302483127111821,0.0509914665342999,-0.0972146112294891,0.352912432768584,0.773378990283634,-0.300602395209086,-0.0068463212590994,-0.419882000684704
15.6,-0.244926847238781,0.428127912219767,0.141540304128303,0.0761140669475765,0.298952224698272,0.00915752528928765,-0.102969540609288,0.363210912053805,0.774252112819746,-0.208475386924311,-0.0694022558741233,-0.419311300606926
15.7,-0.255601780195532,0.463913952075769,0.215937710736324,0.0606298331002168,0.287594865850135,-0.0333485365996024,-0.11096604762095,0.348731465085486,0.701540321811284,-0.100226535438093,-0.162030321339225,-0.432953919630139
15.8,-0.26721196480041,0.497194090201438,0.279514261535126,0.0559127478820663,0.265881193725064,-0.0777800273108165,-0.121690396770167,0.313849334242771,0.559027746936791,0.00336369284247906,-0.274497607681215,-0.456901771444919
15.9,-0.280019305620657,0.526151747124763,0.32575577830802,0.0604718977911065,0.232481796664644,-0.124848196982181,-0.134763706830827,0.262983243856295,0.357087288261825,0.0821548674538607,-0.39332790528184,-0.48436763605073
16,-0.294197772018648,0.549385687522436,0.349485566224314,0.0709580894274083,0.18749652951869,-0.174485115641998,-0.148795374645018,0.199930280857142,0.111911303009996,0.119580768216141,-0.503757974102675,-0.506766102386127
16.1,-0.309731974399877,0.565825370116162,0.347380787958725,0.0826487228072951,0.132478794541377,-0.225731304403512,-0.161408135489986,0.127466192462977,-0.155897923935128,0.105084933788826,-0.59182259115459,-0.51509738604997
16.2,-0.32632726738141,0.574621887730563,0.318320997543192,0.0901371202588475,0.0702572078789399,-0.276768681383302,-0.169442546277874,0.04726051306154,-0.423247839064879,0.035727584870118,-0.64627413548166,-0.50143410971701
16.3,-0.343348566639901,0.575046115105701,0.263527104985063,0.0881315501744553,0.00458477226476861,-0.325098270513712,-0.169321288483601,-0.0399002250476863,-0.66679045988504,-0.0832521477660298,-0.660073666739113,-0.460293737207893
16.4,-0.359801816349184,0.566422258953373,0.186470923361016,0.0722545281750886,-0.0603311147792185,-0.367840805135666,-0.157528603151553,-0.133641798771206,-0.865233890952729,-0.238992592201158,-0.631257647969121,-0.389692775595441
16.5,-0.374366555855562,0.548116665365289,0.0925603491969963,0.0397331499574563,-0.120349390205191,-0.402119873932465,-0.131141040256328,-0.233387898543657,-1.00147597482932,-0.412607409144295,-0.56307744556532,-0.291721438889762
16.6,-0.385481052859403,0.519589905444781,-0.0113697802711946,-0.0101139323445955,-0.171893296141865,-0.425474262608065,-0.0883353500825409,-0.337731609948007,-1.06431986189034,-0.581608499301282,-0.463413872948731,-0.172543417509616
16.7,-0.391473964537328,0.480506795389189,-0.117709042519766,-0.0756598565378437,-0.21235751956395,-0.436240545433097,-0.0287993579544707,-0.443926750244078,-1.04957498755318,-0.722828392003902,-0.343571239372278,-0.0418056101459363
16.8,-0.390729514022109,0.430886318905396,-0.218796475835994,-0.153053994183269,-0.240371316433065,-0.433849654975266,0.0460178162815014,-0.547615273735733,-0.960415256441871,-0.815452181376019,-0.21664022991411,0.0884740223052381
16.9,-0.381867723008146,0.371263519997289,-0.307642121042882,-0.236598242944699,-0.255886441473718,-0.418991828673621,0.132860144746253,-0.642869660064897,-0.806951131747487,-0.843757596804483,-0.095674807108168,0.205397601653101
17,-0.363918116717557,0.302830017383286,-0.378568087837234,-0.31936746279893,-0.260084519934297,-0.393621595867414,0.226841409343583,-0.722577987591561,-0.605063534349658,-0.799204165684788,0.00805214819932629,0.29685900483572
17.1,-0.336464996786196,0.227519873171191,-0.427701366562584,-0.393994589115589,-0.255124340935532,-0.360795992037737,0.321832769628961,-0.779142066181848,-0.374633727654856,-0.681602291657686,0.0864685772668978,0.353169058770801
17.2,-0.299744960884174,0.148013301789659,-0.453267724326373,-0.45352004703785,-0.243771716573874,-0.324362018094608,0.41102149889693,-0.805404378097621,-0.137373941122155,-0.499217716559788,0.135606198750593,0.368409975693598
17.3,-0.254682537915908,0.0676414257839167,-0.455659034410229,-0.492197680106175,-0.228969933997294,-0.288530345621435,0.487577876163799,-0.795676185654617,0.0854905082698621,-0.267808995687222,0.155874671384553,0.341328590310224
17.4,-0.202856949682795,-0.00981051724299448,-0.437272512202853,-0.506156280059718,-0.213415365510206,-0.257388481105914,0.545351965732398,-0.746713985233982,0.27542122736649,-0.00873589331109466,0.151689470186585,0.275638453159712
17.5,-0.14640118074017,-0.0803885020383895,-0.402146396035732,-0.493835817159762,-0.199199749953698,-0.234415761165844,0.579516936142681,-0.658488882019261,0.418399305140871,0.253603861262049,0.130530883759325,0.179679780287928
17.6,-0.0878426724158808,-0.140315880130912,-0.355439449602878,-0.456147723708823,-0.187568678662176,-0.222063335297105,0.587081376723796,-0.534614498345715,0.506187896570543,0.494668975923088,0.101593021946226,0.0654728620023515
17.7,-0.0299019924994712,-0.186361200140405,-0.302818514609758,-0.39634485160686,-0.178826861605402,-0.221454529679992,0.567208987217581,-0.382341282166723,0.536893690878416,0.692623653010067,0.0742381277069264,-0.0527171078317899
17.8,0.0247291451432368,-0.216182082391729,-0.249827207736272,-0.319624050713078,-0.172397751215356,-0.232245678665793,0.521307895475123,-0.212082927052624,0.514782763216223,0.830779734924495,0.0564949690649552,-0.160119061452466
17.9,0.0736067693311228,-0.228599361919344,-0.201308747373152,-0.232517699016016,-0.167021545646121,-0.252666704976151,0.452880481020382,-0.0365060046976921,0.449397233436749,0.899333183411446,0.0538277089879602,-0.243272298670794
18,0.114727280220424,-0.223762058736492,-0.16094696021949,-0.142155599684797,-0.161054991981473,-0.279737232490683,0.367154108462673,0.130722490421821,0.354102891792031,0.896197257574224,0.0683557614832125,-0.291682023804635
18.1,0.146674055622127,-0.203175958476576,-0.130973012865227,-0.0554923101565796,-0.152821789381384,-0.30963100982282,0.270539676594027,0.27638246600216,0.244264018155764,0.82685956073977,0.0986329843980816,-0.299097254899844
18.2,0.168704030001558,-0.169585170483463,-0.112063537045961,0.0214043200887591,-0.140955852620811,-0.338142029193169,0.169984892348695,0.389162166349677,0.135281885438125,0.703321047861577,0.14000717354504,-0.264244595836676
18.3,0.180767562833661,-0.126714784107234,-0.103431418193158,0.0839195568526692,-0.124682111133076,-0.361192571203086,0.0723001371046424,0.460943731396833,0.040743157953254,0.542294094541932,0.185491402481205,-0.190924299085119
18.4,0.18346281911144,-0.0789011067652392,-0.103086721692889,0.129251842774757,-0.103990414328475,-0.375318265023337,-0.0164645718997903,0.487739959787391,-0.0290971834783696,0.362927849004951,0.227000696602904,-0.0874605094771878
18.5,0.17793333861519,-0.030651366232304,-0.10822503754304,0.15653498365847,-0.0796757500002545,-0.378068799844622,-0.0915225584945468,0.470150972239776,-0.0683233381821553,0.184380579660835,0.256752473845217,0.0344161460541632
18.6,0.16572352104597,0.0138150247773867,-0.115686414452827,0.166723584719387,-0.053239616057731,-0.368274641879777,-0.149682603463313,0.413270379641255,-0.0757522511317164,0.023564647821373,0.26860529182503,0.161100177425324
18.7,0.148610664799336,0.0509880553448898,-0.122421681286769,0.162273825846567,-0.0266696831174037,-0.346148369863328,-0.189483502640798,0.326042665226101,-0.0546911804972969,-0.106649355001384,0.259121212630975,0.278849592063296
18.8,0.128433542900375,0.0783998442896787,-0.125904936386246,0.146676731795645,-0.00213442076941187,-0.313211520137038,-0.211130952112203,0.22014696501251,-0.0121201748329424,-0.198559993122225,0.228180856071449,0.375498072171545
18.9,0.106936218604599,0.094827664359807,-0.124440844816052,0.12391701626396,0.0183568730676405,-0.272061070846906,-0.216261984787941,0.108547079330952,0.042566788269722,-0.249987873251214,0.179050356142972,0.44191448888779
19,0.0856421968550776,0.100342917822056,-0.117331623246621,0.0979355057886301,0.033272339947725,-0.226010719920347,-0.207582821666475,0.00389423783620318,0.0990748496372517,-0.263861896371695,0.117885401015782,0.473020545687892
19.1,0.0657686897332126,0.0962016949092774,-0.104888910907705,0.0721668503860051,0.0418008181210895,-0.178658074064893,-0.188439229276671,-0.083008898403052,0.147760991676128,-0.247154642983556,0.0527463540642582,0.46824011122232
19.2,0.0481845753414037,0.0845933242719274,-0.0882973342657912,0.0492080868941133,0.0439782333828384,-0.133437633371214,-0.162382701646321,-0.144480703454105,0.181013660827995,-0.209369271233763,-0.00772334511817232,0.431333234433718
19.3,0.0334094748831326,0.0682820780141093,-0.0693565736292136,0.0306503967866131,0.040673498883093,-0.0932199036261209,-0.132790748670863,-0.176801117940845,0.194276485980211,-0.160833769260567,-0.0557476898428043,0.369652840373407
19.4,0.0216461450246793,0.0501913376920636,-0.0501445080083329,0.0170797932767555,0.0334325818832329,-0.0600091299475487,-0.10258635522424,-0.180509125731944,0.186586918654986,-0.111071954323983,-0.0857653949285097,0.29294088100267
19.5,0.0128347961041732,0.0329870791259837,-0.032653545319487,0.00822656391994991,0.0242023529551707,-0.0347772016976488,-0.0740825256433917,-0.16011912258202,0.160570261009113,-0.0674934773641522,-0.0954529147555123,0.211842392740706
19.6,0.00671644612267663,0.0187173957023329,-0.0184544078788719,0.00322193967959283,0.0149759373725811,-0.0174513868089545,-0.0489558174604253,-0.123297079063226,0.121905560411347,-0.0345824957490521,-0.086247494593727,0.136352066011662
19.7,0.00289312108055151,0.00855690260080133,-0.00843631663405653,0.000906724782672147,0.00741538473394782,-0.00705154068339972,-0.0283313292971541,-0.0796114233975795,0.0783519231592905,-0.0136769810511684,-0.0632679288259286,0.0744137424135708
19.8,0.000875389338821364,0.00269026501138905,-0.00266058688062934,0.000132339830874739,0.00251325567036456,-0.00195139955256274,-0.0129440255558302,-0.0390324054108542,0.0384823418662467,-0.00333173555189989,-0.0346215604619637,0.0308681656303871
19.9,0.000111845929255755,0.000349725626610287,-0.000347867776516353,2.58532038055481e-07,0.000351094094120097,-0.000221447036175396,-0.00333020693216002,-0.0103890927677645,0.0103095408696224,-0.000163445810416121,-0.0101811090085368,0.00689208661002417
20,3.33066907387547e-16,8.88178419700125e-16,-1.11022302462516e-16,5.55111512312578e-17,9.99200722162641e-16,0,-3.05311331771918e-16,1.38777878078145e-17,-1.80411241501588e-16,2.08166817117217e-16,3.46944695195361e-17,-4.11996825544492e-18
